rok,grupa_wieku,urodzenia,kobiety,asfr
2002,15-19,24331,1580493,0.015394563595030159
2002,20-24,106462,1571971,0.06772516795793307
2002,25-29,127101,1449007,0.08771593235919495
2002,30-34,63009,1233117,0.05109734112821411
2002,35-39,25795,1196938,0.02155082385219619
2002,40-44,6743,1414094,0.004768424164164476
2002,45-49,324,1585018,0.0002044140823637334
2003,15-19,22514,1518380,0.014827645253493855
2003,20-24,101915,1606472,0.06344025915173125
2003,25-29,128978,1480415,0.08712286757429505
2003,30-34,66158,1269749,0.052103210949565625
2003,35-39,24782,1178523,0.021028015575427886
2003,40-44,6406,1348578,0.004750188717300742
2003,45-49,319,1582558,0.0002015723910276906
2004,15-19,20502,1456524,0.014075978150720482
2004,20-24,98392,1625645,0.06052489934764355
2004,25-29,133134,1509018,0.08822558776634871
2004,30-34,71678,1314171,0.05454236929592876
2004,35-39,25723,1170096,0.02198366629746619
2004,40-44,6338,1290347,0.004911857043105459
2004,45-49,364,1564958,0.000232594101566943
2005,15-19,19295,1402020,0.013762285844709775
2005,20-24,95533,1629090,0.0586419412064404
2005,25-29,137307,1531961,0.0896282607716515
2005,30-34,79152,1359571,0.05821836446938042
2005,35-39,26654,1177496,0.022636170313954356
2005,40-44,6116,1243114,0.0049199027603260845
2005,45-49,326,1522049,0.00021418495725170476
2006,15-19,19230,1362057,0.014118351875141788
2006,20-24,93569,1614680,0.057948943443902196
2006,25-29,139853,1537546,0.09095857945063107
2006,30-34,86825,1406445,0.06173366182111636
2006,35-39,28487,1195108,0.023836339477269
2006,40-44,5975,1210022,0.004937926748439285
2006,45-49,305,1464131,0.00020831469315245698
2007,15-19,19866,1324231,0.015001914318574327
2007,20-24,92745,1573121,0.058956049788922785
2007,25-29,142112,1561734,0.09099629002122
2007,30-34,95307,1440417,0.06616625602169372
2007,35-39,31290,1225504,0.025532352403582526
2007,40-44,6244,1186026,0.0052646400669125295
2007,45-49,309,1395501,0.00022142585351067465
2008,15-19,21207,1280845,0.016557038517541155
2008,20-24,94099,1512076,0.06223166031337049
2008,25-29,151894,1595878,0.0951789547822578
2008,30-34,105477,1470820,0.07171305802205573
2008,35-39,35069,1261342,0.027802927358321534
2008,40-44,6438,1167740,0.0055132135578125265
2008,45-49,315,1331060,0.000236653494207624
2009,15-19,20514,1236942,0.01658444777523926
2009,20-24,87080,1451230,0.06000427223803256
2009,25-29,154089,1615482,0.09538267835853324
2009,30-34,110485,1498293,0.07374058345063349
2009,35-39,38386,1305048,0.02941347751193826
2009,40-44,6714,1159444,0.005790706580050438
2009,45-49,321,1273995,0.0002519633122578974
2010,15-19,18456,1185934,0.015562417470112165
2010,20-24,79834,1398424,0.057088551111823024
2010,25-29,152711,1610901,0.0947985009631256
2010,30-34,113369,1543444,0.07345196845496176
2010,35-39,41500,1363726,0.030431332980378756
2010,40-44,7136,1176598,0.0060649431666550515
2010,45-49,294,1235301,0.00023799867400738767
2011,15-19,16142,1131961,0.014260208611427426
2011,20-24,70754,1360639,0.05200056738047344
2011,25-29,142865,1596139,0.08950661565189498
2011,30-34,109558,1548669,0.07074332862606535
2011,35-39,41587,1413346,0.029424500440797936
2011,40-44,7176,1194970,0.006005171677950074
2011,45-49,334,1204055,0.00027739596613111526
2012,15-19,15704,1084545,0.014479804895140358
2012,20-24,68102,1322120,0.051509696547968414
2012,25-29,140506,1554871,0.0903650527921609
2012,30-34,110379,1568222,0.07038480521252731
2012,35-39,43774,1452137,0.030144538703992804
2012,40-44,7487,1224444,0.006114612019822874
2012,45-49,305,1181935,0.00025805141568698784
2013,15-19,14492,1037626,0.013966496598967258
2013,20-24,62949,1278777,0.049225940097452486
2013,25-29,130958,1496695,0.08749812085962738
2013,30-34,109789,1595440,0.06881424559995988
2013,35-39,43343,1482557,0.02923530090242736
2013,40-44,7714,1261764,0.0061136630938907754
2013,45-49,331,1164110,0.0002843373907964024
2014,15-19,13287,994614,0.013358951311765167
2014,20-24,60053,1236334,0.04857344374578391
2014,25-29,129245,1440787,0.08970444625055612
2014,30-34,117017,1604195,0.07294437396949872
2014,35-39,46891,1511142,0.031030174530255927
2014,40-44,8321,1305611,0.006373261254692247
2014,45-49,346,1157204,0.00029899654684912945
2015,15-19,12030,964181,0.012476910455609476
2015,20-24,57107,1182251,0.04830361742134284
2015,25-29,123994,1392240,0.08906079411595702
2015,30-34,119140,1600190,0.07445365862803792
2015,35-39,47972,1531920,0.03131495117238498
2015,40-44,8725,1352539,0.006450830622998671
2015,45-49,340,1163998,0.00029209672181567325
2016,15-19,11320,935949,0.01209467609880453
2016,20-24,55770,1128525,0.04941848873529607
2016,25-29,126651,1355400,0.09344178840194776
2016,30-34,126194,1586316,0.0795516151889031
2016,35-39,52316,1537540,0.03402578144308441
2016,40-44,9658,1402246,0.006887521875619542
2016,45-49,348,1182646,0.00029425542385464457
2017,15-19,10076,909232,0.011081880092209688
2017,20-24,55928,1081459,0.05171532161644593
2017,25-29,132464,1317719,0.10052522578789559
2017,30-34,134904,1546286,0.08724388631857237
2017,35-39,57563,1557494,0.03695872985706526
2017,40-44,10642,1441066,0.007384810966326317
2017,45-49,405,1212357,0.0003340600169751979
2018,15-19,9224,889725,0.01036724830706117
2018,20-24,51745,1035221,0.04998449606412544
2018,25-29,127208,1275433,0.09973710888772676
2018,30-34,128762,1490394,0.08639460437978146
2018,35-39,59546,1586506,0.03753279218609952
2018,40-44,11210,1472605,0.007612360408935186
2018,45-49,483,1250415,0.0003862717577764182
2019,15-19,8277,878037,0.009426709808356595
2019,20-24,47792,992704,0.04814325317516601
2019,25-29,121881,1233777,0.0987868958490878
2019,30-34,123784,1436161,0.08619089363936216
2019,35-39,61004,1596757,0.03820493663093382
2019,40-44,11747,1502164,0.007820051605550393
2019,45-49,469,1294636,0.000362263987715466
2020,15-19,7118,859578,0.00828080755905805
2020,20-24,42754,951957,0.044911692439889614
2020,25-29,115366,1172578,0.09838663184879812
2020,30-34,117498,1380360,0.08512127271146658
2020,35-39,60082,1587929,0.037836704285896916
2020,40-44,11989,1522398,0.007875076031366305
2020,45-49,502,1337981,0.00037519217387989816
2021,15-19,5937,867103,0.006846937445724441
2021,20-24,38054,922976,0.04122967444440592
2021,25-29,105800,1118353,0.09460340339767498
2021,30-34,112339,1344078,0.08358071480970598
2021,35-39,57027,1572956,0.03625466955210445
2021,40-44,11780,1527215,0.007713386785750533
2021,45-49,574,1387778,0.0004136108224802526
2022,15-19,5271,890988,0.0059159045913076275
2022,20-24,33721,895655,0.037649541397078115
2022,25-29,97018,1070815,0.09060201808902565
2022,30-34,104356,1307726,0.0797995910458307
2022,35-39,52874,1532272,0.034506928273831276
2022,40-44,11320,1546373,0.007320355438176947
2022,45-49,572,1427122,0.0004008066584356488
2023,15-19,4696,931056,0.005043735285525253
2023,20-24,28482,875285,0.03254025831586283
2023,25-29,84607,1024391,0.08259248665792651
2023,30-34,94741,1266364,0.07481340278150674
2023,35-39,48284,1476725,0.03269667676784777
2023,40-44,11027,1574278,0.007004480784207109
2023,45-49,614,1459634,0.00042065339667341265
2024,15-19,4356,971406,0.0044842218392721475
2024,20-24,24388,862928,0.028261917564385442
2024,25-29,76267,981838,0.07767778391139883
2024,30-34,89474,1225200,0.07302807704864511
2024,35-39,45911,1423296,0.03225681797742704
2024,40-44,10736,1583824,0.006778530947883098
2024,45-49,650,1489839,0.00043628875334851617
2025,15-19,3738,1002759,0.0037277152336703035
2025,20-24,21336,858952,0.024839571943484618
2025,25-29,70714,951279,0.07433571013340987
2025,30-34,86742,1172347,0.07399003878544493
2025,35-39,44313,1377453,0.032170244647185785
2025,40-44,10727,1580977,0.006785044943727834
2025,45-49,694,1512092,0.00045896678244445444
