scenariusz,rok,ludnosc,udzial_65,dr_ekonomiczny,oadr
główny,2022,37766327,19.47092975178656,70.35413921880452,29.895948371879495
główny,2023,37650773,20.029572832409045,71.31917836735947,30.893515105268456
główny,2024,37532044,20.534146768025742,72.03267700306887,31.777091611790542
główny,2025,37412189,20.949530646282152,72.40328653970859,32.48510620202131
główny,2026,37288794,21.28414772545339,72.39475431427319,33.05915532100813
główny,2027,37254771,21.522942658807377,72.28614928308544,33.46092457264968
główny,2028,37252993,21.726299951254923,72.18802568016201,33.8226108564616
główny,2029,37172231,21.92875644187189,72.19635005486373,34.14541254985311
główny,2030,37049551,22.11617625271626,72.16482111951241,34.42479529836595
główny,2031,36906903,22.286611260771462,72.28093849502515,34.648122624214814
główny,2032,36750047,22.446074694816037,72.36567196870612,34.81753547971057
główny,2033,36581214,22.60746731915458,72.52263966159143,35.011909005545114
główny,2034,36405733,22.783543460036913,72.68653090203688,35.25856321918967
główny,2035,36223944,22.99151080843102,72.83550675845896,35.60766340805895
główny,2036,36036856,23.22724823719361,73.23434334946579,36.03881755881688
główny,2037,35847455,23.507244796039217,73.82999741927775,36.61968629895791
główny,2038,35654059,23.82644287428817,74.71400026039959,37.28802518965876
główny,2039,35457605,24.190849889607602,75.87388464939386,38.071229606083875
główny,2040,35258862,24.600655006959666,77.44162090452552,38.97215874816224
główny,2041,35058188,25.055319459180264,79.03793543168196,39.99541124246507
główny,2042,34855960,25.50078379708951,80.81523090981197,41.02469722364507
główny,2043,34654531,25.959110512850398,82.78948922213118,42.10879102613593
główny,2044,34451798,26.460627686253126,84.83265657888907,43.3190529357403
główny,2045,34245295,26.968758774015527,86.8752597513721,44.573877956354764
główny,2046,34037787,27.449927928628266,88.78809244296026,45.79098368288315
główny,2047,33829362,28.00540252577036,90.76541512871016,47.21764230184467
główny,2048,33619626,28.62102630172031,92.85984967778509,48.827707587538434
główny,2049,33410504,29.197257844419227,94.86118959649411,50.370793901401015
główny,2050,33199662,29.731573773251064,96.81006757767734,51.831442589489065
główny,2051,32986858,30.18176511385231,98.56397902569779,53.086339705958885
główny,2052,32769153,30.56791245107861,100.05631880509627,54.175864905804104
główny,2053,32549146,30.939094377468457,101.39860304283839,55.22467436457338
główny,2054,32326537,31.27922424848662,102.56661790677704,56.182775699123845
główny,2055,32100957,31.617372030372803,103.52985700329798,57.12847096494828
główny,2056,31872540,31.930743517774236,104.3203613598741,57.995820163783385
główny,2057,31641340,32.169342385625896,104.806323820038,58.637946385982765
główny,2058,31404722,32.356360295117405,105.01403286311665,59.119958752157345
główny,2059,31165365,32.49420630883033,104.99189711020391,59.4481450151483
główny,2060,30925606,32.56231098591892,104.76637789379544,59.5635751067935
niski,2022,37766327,19.47092975178656,70.35413921880452,29.895948371879495
niski,2023,37614421,20.016572898995307,71.22821432830983,30.8564605280581
niski,2024,37448393,20.509803985447387,71.81889923822922,31.698692810349616
niski,2025,37269044,20.9143652839606,72.0299617688568,32.35843787458603
niski,2026,37078244,21.24357075809739,71.84107044074966,32.88757942941507
niski,2027,36915016,21.507204547872877,71.50408482923329,33.28422483659079
niski,2028,36754438,21.74401088652206,71.14512811913913,33.64844098864804
niski,2029,36553990,21.965473536541428,70.90965724454881,33.95254610150645
niski,2030,36328718,22.163306175571623,70.63496436149154,34.198172109506935
niski,2031,36088649,22.344776608290324,70.50837020023884,34.38761188866775
niski,2032,35834759,22.51245222550541,70.33940574701022,34.516105624563004
niski,2033,35568590,22.681891522829552,70.23722734639945,34.66736044682215
niski,2034,35294428,22.866685925608426,70.13619166124884,34.86986577116834
niski,2035,35011055,23.083717414399537,70.00959425405281,35.1716551167181
niski,2036,34722403,23.333569396104295,70.13183226554251,35.5611245617886
niski,2037,34424460,23.622723493701862,70.42482612558267,36.08486836114781
niski,2038,34122662,23.957398165477244,71.00271738803605,36.719409546612944
niski,2039,33813387,24.33622221873248,71.8337941619053,37.46896445081831
niski,2040,33501987,24.768136886925543,73.06539474417622,38.3550614884688
niski,2041,33186604,25.248326101700552,74.40348325544721,39.371894417380155
niski,2042,32868291,25.722587767036625,75.96001565145878,40.404955908593514
niski,2043,32546981,26.20899615850699,77.74957125884912,41.49350985112707
niski,2044,32223561,26.74560393868325,79.64670041592368,42.72477464905336
niski,2045,31896209,27.294328300896197,81.579765488332,44.01676122893433
niski,2046,31566534,27.81708311720254,83.4099910911176,45.27922178776446
niski,2047,31235792,28.423127545477318,85.34193964277826,46.77091825351901
niski,2048,30903279,29.096672880570374,87.42260313290036,48.46413369115849
niski,2049,30566824,29.72571831473234,89.42235485437008,50.085274208118456
niski,2050,30230939,30.318849837909433,91.41096715950768,51.64547066417396
niski,2051,29890441,30.82174665807039,93.21609488948707,52.994358335678825
niski,2052,29547421,31.264545897254454,94.7869217545485,54.194995321082395
niski,2053,29201849,31.695129989885228,96.22870297411464,55.36626094134854
niski,2054,28850792,32.090023733143966,97.49786317970087,56.43994675339844
niski,2055,28496170,32.48633763765446,98.56791688125917,57.5123814214626
niski,2056,28138020,32.859618409539834,99.47759281518206,58.51341232625793
niski,2057,27773754,33.14832053311915,100.06121319392842,59.26597106461104
niski,2058,27405404,33.388863743807605,100.38001815494437,59.86807286873793
niski,2059,27031341,33.57391333267557,100.45098864226738,60.298980785074555
niski,2060,26654317,33.68205983293438,100.30433060718079,60.49550568808719
wysoki,2022,37766327,19.47092975178656,70.35413921880452,29.895948371879495
wysoki,2023,37681808,20.04465921592722,71.40164337541691,30.931898175227722
wysoki,2024,37606666,20.563763881648004,72.24847935216738,31.86333847499647
wysoki,2025,37537527,20.98784770770861,72.78042501721589,32.61658684592946
wysoki,2026,37474852,21.331297052220513,72.96620935404955,33.24321950557384
wysoki,2027,37562724,21.55070010364531,73.09779731054286,33.66032586650693
wysoki,2028,37708334,21.721906356297787,73.26321568313202,34.02102923742847
wysoki,2029,37737462,21.9101909927064,73.52729723358009,34.37181597140958
wysoki,2030,37705506,22.08942375683806,73.74768331851087,34.68928976853396
wysoki,2031,37651315,22.25799019237442,74.13095041099481,34.9646343191816
wysoki,2032,37582061,22.416750906769057,74.48734270071908,35.18950578213941
wysoki,2033,37502829,22.582432381301153,74.93339854980422,35.450990901343864
wysoki,2034,37413872,22.7563669432557,75.38007623204643,35.7543806794839
wysoki,2035,37320730,22.96135150625403,75.8186856745624,36.16239127242282
wysoki,2036,37226457,23.196400345055668,76.52532658752413,36.66149214413397
wysoki,2037,37129719,23.470743207078947,77.43213002408996,37.30574058219178
wysoki,2038,37031078,23.782075693286593,78.64005664987428,38.02686263105421
wysoki,2039,36931578,24.137200419651712,80.14249233000382,38.853276317575904
wysoki,2040,36831484,24.53445264383048,82.06662153824131,39.786910003522365
wysoki,2041,36733211,24.976468841779173,83.97220314325068,40.84143062410073
wysoki,2042,36634717,25.406529003622435,85.99410185732043,41.89329814172843
wysoki,2043,36536049,25.84297771223156,88.15917680573548,42.98354020464292
wysoki,2044,36439873,26.32291556010637,90.36650695467067,44.1988313066782
wysoki,2045,36341052,26.80664555335382,92.5481263659845,45.44904754417976
wysoki,2046,36241936,27.26057460065047,94.56241069275926,46.6492996107994
wysoki,2047,36144705,27.785635544680748,96.61433819519674,48.053817786298744
wysoki,2048,36046340,28.363484337106073,98.75022213488455,49.625517539303864
wysoki,2049,35946831,28.896811515874653,100.75431637492083,51.1122078481871
wysoki,2050,35846511,29.387376082431004,102.68566838923847,52.50811658170227
wysoki,2051,35744918,29.795063454894482,104.40094631364948,53.69248677213467
wysoki,2052,35641705,30.143375576448996,105.85303316345109,54.71712306316103
wysoki,2053,35539582,30.479745090980533,107.15712382324452,55.70614459935438
wysoki,2054,35435644,30.783478917442565,108.27440022353458,56.59806249230478
wysoki,2055,35332617,31.087731203154295,109.19622555781183,57.48394976547158
wysoki,2056,35225995,31.361643581678816,109.93120887163002,58.27576811864835
wysoki,2057,35118116,31.562396456575293,110.35860878890915,58.84400692381179
wysoki,2058,35011670,31.72125179975705,110.54214391435644,59.278465380686406
wysoki,2059,34904532,31.83169452035627,110.49838036798421,59.56242883518067
wysoki,2060,34796858,31.871869006103942,110.24828153336799,59.63282161942898
